<?xml version="1.0" encoding="utf-8" ?>
<font num_characters="141">
	<char id="97" x="0" y="0" width="31" height="55" />
	<char id="98" x="32" y="0" width="38" height="55" />
	<char id="99" x="71" y="0" width="32" height="55" />
	<char id="100" x="104" y="0" width="28" height="55" />
	<char id="101" x="133" y="0" width="31" height="55" />
	<char id="102" x="165" y="0" width="29" height="55" />
	<char id="103" x="195" y="0" width="33" height="55" />
	<char id="104" x="229" y="0" width="29" height="55" />
	<char id="105" x="259" y="0" width="21" height="55" />
	<char id="106" x="281" y="0" width="27" height="55" />
	<char id="107" x="309" y="0" width="30" height="55" />
	<char id="108" x="340" y="0" width="20" height="55" />
	<char id="109" x="361" y="0" width="38" height="55" />
	<char id="110" x="400" y="0" width="31" height="55" />
	<char id="-15" x="432" y="0" width="31" height="55" />
	<char id="111" x="464" y="0" width="35" height="55" />
	<char id="112" x="0" y="56" width="29" height="55" />
	<char id="113" x="30" y="56" width="36" height="55" />
	<char id="114" x="67" y="56" width="28" height="55" />
	<char id="115" x="96" y="56" width="30" height="55" />
	<char id="116" x="127" y="56" width="29" height="55" />
	<char id="117" x="157" y="56" width="28" height="55" />
	<char id="118" x="186" y="56" width="32" height="55" />
	<char id="119" x="219" y="56" width="41" height="55" />
	<char id="120" x="261" y="56" width="35" height="55" />
	<char id="121" x="297" y="56" width="30" height="55" />
	<char id="122" x="328" y="56" width="31" height="55" />
	<char id="-31" x="360" y="56" width="31" height="55" />
	<char id="-23" x="392" y="56" width="31" height="55" />
	<char id="-19" x="424" y="56" width="31" height="55" />
	<char id="-13" x="456" y="56" width="31" height="55" />
	<char id="-6" x="0" y="112" width="31" height="55" />
	<char id="-32" x="32" y="112" width="31" height="55" />
	<char id="-24" x="64" y="112" width="31" height="55" />
	<char id="-20" x="96" y="112" width="31" height="55" />
	<char id="-14" x="128" y="112" width="31" height="55" />
	<char id="-7" x="160" y="112" width="31" height="55" />
	<char id="-30" x="192" y="112" width="31" height="55" />
	<char id="-22" x="224" y="112" width="31" height="55" />
	<char id="-18" x="256" y="112" width="31" height="55" />
	<char id="-12" x="288" y="112" width="31" height="55" />
	<char id="-5" x="320" y="112" width="31" height="55" />
	<char id="-28" x="352" y="112" width="31" height="55" />
	<char id="-21" x="384" y="112" width="31" height="55" />
	<char id="-17" x="416" y="112" width="31" height="55" />
	<char id="-10" x="448" y="112" width="31" height="55" />
	<char id="-4" x="480" y="112" width="31" height="55" />
	<char id="-25" x="0" y="168" width="31" height="55" />
	<char id="-57" x="32" y="168" width="31" height="55" />
	<char id="32" x="64" y="168" width="26" height="55" />
	<char id="65" x="91" y="168" width="32" height="55" />
	<char id="66" x="124" y="168" width="30" height="55" />
	<char id="67" x="155" y="168" width="32" height="55" />
	<char id="68" x="188" y="168" width="29" height="55" />
	<char id="69" x="218" y="168" width="28" height="55" />
	<char id="70" x="247" y="168" width="28" height="55" />
	<char id="71" x="276" y="168" width="33" height="55" />
	<char id="72" x="310" y="168" width="30" height="55" />
	<char id="73" x="341" y="168" width="20" height="55" />
	<char id="74" x="362" y="168" width="31" height="55" />
	<char id="75" x="394" y="168" width="31" height="55" />
	<char id="76" x="426" y="168" width="27" height="55" />
	<char id="77" x="454" y="168" width="33" height="55" />
	<char id="78" x="0" y="224" width="29" height="55" />
	<char id="-47" x="30" y="224" width="29" height="55" />
	<char id="79" x="60" y="224" width="35" height="55" />
	<char id="80" x="96" y="224" width="30" height="55" />
	<char id="81" x="127" y="224" width="36" height="55" />
	<char id="82" x="164" y="224" width="33" height="55" />
	<char id="83" x="198" y="224" width="32" height="55" />
	<char id="84" x="231" y="224" width="34" height="55" />
	<char id="85" x="266" y="224" width="30" height="55" />
	<char id="86" x="297" y="224" width="32" height="55" />
	<char id="87" x="330" y="224" width="39" height="55" />
	<char id="88" x="370" y="224" width="35" height="55" />
	<char id="89" x="406" y="224" width="31" height="55" />
	<char id="90" x="438" y="224" width="31" height="55" />
	<char id="-65" x="470" y="224" width="31" height="55" />
	<char id="63" x="0" y="280" width="29" height="55" />
	<char id="-95" x="30" y="280" width="29" height="55" />
	<char id="33" x="60" y="280" width="22" height="55" />
	<char id="45" x="83" y="280" width="27" height="55" />
	<char id="62" x="111" y="280" width="31" height="55" />
	<char id="60" x="143" y="280" width="31" height="55" />
	<char id="49" x="175" y="280" width="25" height="55" />
	<char id="50" x="201" y="280" width="31" height="55" />
	<char id="51" x="233" y="280" width="31" height="55" />
	<char id="52" x="265" y="280" width="30" height="55" />
	<char id="53" x="296" y="280" width="32" height="55" />
	<char id="54" x="329" y="280" width="31" height="55" />
	<char id="55" x="361" y="280" width="27" height="55" />
	<char id="56" x="389" y="280" width="30" height="55" />
	<char id="57" x="420" y="280" width="31" height="55" />
	<char id="48" x="452" y="280" width="35" height="55" />
	<char id="44" x="488" y="280" width="20" height="55" />
	<char id="46" x="0" y="336" width="20" height="55" />
	<char id="58" x="21" y="336" width="21" height="55" />
	<char id="59" x="43" y="336" width="21" height="55" />
	<char id="42" x="65" y="336" width="24" height="55" />
	<char id="92" x="90" y="336" width="25" height="55" />
	<char id="43" x="116" y="336" width="28" height="55" />
	<char id="61" x="145" y="336" width="29" height="55" />
	<char id="34" x="175" y="336" width="24" height="55" />
	<char id="37" x="200" y="336" width="44" height="55" />
	<char id="40" x="245" y="336" width="27" height="55" />
	<char id="41" x="273" y="336" width="27" height="55" />
	<char id="38" x="301" y="336" width="29" height="55" />
	<char id="39" x="331" y="336" width="18" height="55" />
	<char id="64" x="350" y="336" width="45" height="55" />
	<char id="35" x="396" y="336" width="35" height="55" />
	<char id="36" x="432" y="336" width="30" height="55" />
	<char id="95" x="463" y="336" width="39" height="55" />
	<char id="47" x="0" y="392" width="25" height="55" />
	<char id="123" x="26" y="392" width="24" height="55" />
	<char id="125" x="51" y="392" width="24" height="55" />
	<char id="124" x="76" y="392" width="19" height="55" />
	<char id="91" x="96" y="392" width="23" height="55" />
	<char id="93" x="120" y="392" width="23" height="55" />
	<char id="126" x="144" y="392" width="30" height="55" />
	<char id="-63" x="175" y="392" width="30" height="55" />
	<char id="-55" x="206" y="392" width="30" height="55" />
	<char id="-51" x="237" y="392" width="30" height="55" />
	<char id="-45" x="268" y="392" width="30" height="55" />
	<char id="-38" x="299" y="392" width="30" height="55" />
	<char id="-60" x="330" y="392" width="30" height="55" />
	<char id="-53" x="361" y="392" width="30" height="55" />
	<char id="-49" x="392" y="392" width="30" height="55" />
	<char id="-42" x="423" y="392" width="30" height="55" />
	<char id="-36" x="454" y="392" width="30" height="55" />
	<char id="-76" x="0" y="448" width="30" height="55" />
	<char id="-88" x="31" y="448" width="30" height="55" />
	<char id="-62" x="62" y="448" width="30" height="55" />
	<char id="-54" x="93" y="448" width="30" height="55" />
	<char id="-50" x="124" y="448" width="30" height="55" />
	<char id="-44" x="155" y="448" width="30" height="55" />
	<char id="-37" x="186" y="448" width="30" height="55" />
	<char id="-64" x="217" y="448" width="30" height="55" />
	<char id="-56" x="248" y="448" width="30" height="55" />
	<char id="-52" x="279" y="448" width="30" height="55" />
	<char id="-46" x="310" y="448" width="30" height="55" />
	<char id="-39" x="341" y="448" width="30" height="55" />
</font>
