<?xml version="1.0" encoding="utf-8" ?>
<font num_characters="141">
	<char id="97" x="0" y="0" width="16" height="24" />
	<char id="98" x="17" y="0" width="16" height="24" />
	<char id="99" x="34" y="0" width="16" height="24" />
	<char id="100" x="51" y="0" width="16" height="24" />
	<char id="101" x="68" y="0" width="16" height="24" />
	<char id="102" x="85" y="0" width="15" height="24" />
	<char id="103" x="101" y="0" width="16" height="24" />
	<char id="104" x="118" y="0" width="16" height="24" />
	<char id="105" x="135" y="0" width="12" height="24" />
	<char id="106" x="148" y="0" width="14" height="24" />
	<char id="107" x="163" y="0" width="16" height="24" />
	<char id="108" x="180" y="0" width="12" height="24" />
	<char id="109" x="193" y="0" width="20" height="24" />
	<char id="110" x="214" y="0" width="16" height="24" />
	<char id="-15" x="231" y="0" width="16" height="24" />
	<char id="111" x="0" y="25" width="16" height="24" />
	<char id="112" x="17" y="25" width="16" height="24" />
	<char id="113" x="34" y="25" width="16" height="24" />
	<char id="114" x="51" y="25" width="14" height="24" />
	<char id="115" x="66" y="25" width="16" height="24" />
	<char id="116" x="83" y="25" width="14" height="24" />
	<char id="117" x="98" y="25" width="16" height="24" />
	<char id="118" x="115" y="25" width="19" height="24" />
	<char id="119" x="135" y="25" width="21" height="24" />
	<char id="120" x="157" y="25" width="18" height="24" />
	<char id="121" x="176" y="25" width="17" height="24" />
	<char id="122" x="194" y="25" width="15" height="24" />
	<char id="-31" x="210" y="25" width="15" height="24" />
	<char id="-23" x="226" y="25" width="15" height="24" />
	<char id="-19" x="0" y="50" width="15" height="24" />
	<char id="-13" x="16" y="50" width="15" height="24" />
	<char id="-6" x="32" y="50" width="15" height="24" />
	<char id="-32" x="48" y="50" width="15" height="24" />
	<char id="-24" x="64" y="50" width="15" height="24" />
	<char id="-20" x="80" y="50" width="15" height="24" />
	<char id="-14" x="96" y="50" width="15" height="24" />
	<char id="-7" x="112" y="50" width="15" height="24" />
	<char id="-30" x="128" y="50" width="15" height="24" />
	<char id="-22" x="144" y="50" width="15" height="24" />
	<char id="-18" x="160" y="50" width="15" height="24" />
	<char id="-12" x="176" y="50" width="15" height="24" />
	<char id="-5" x="192" y="50" width="15" height="24" />
	<char id="-28" x="208" y="50" width="15" height="24" />
	<char id="-21" x="224" y="50" width="15" height="24" />
	<char id="-17" x="240" y="50" width="15" height="24" />
	<char id="-10" x="0" y="75" width="15" height="24" />
	<char id="-4" x="16" y="75" width="15" height="24" />
	<char id="-25" x="32" y="75" width="15" height="24" />
	<char id="-57" x="48" y="75" width="15" height="24" />
	<char id="32" x="64" y="75" width="13" height="24" />
	<char id="65" x="78" y="75" width="19" height="24" />
	<char id="66" x="98" y="75" width="17" height="24" />
	<char id="67" x="116" y="75" width="18" height="24" />
	<char id="68" x="135" y="75" width="17" height="24" />
	<char id="69" x="153" y="75" width="16" height="24" />
	<char id="70" x="170" y="75" width="16" height="24" />
	<char id="71" x="187" y="75" width="18" height="24" />
	<char id="72" x="206" y="75" width="17" height="24" />
	<char id="73" x="224" y="75" width="12" height="24" />
	<char id="74" x="237" y="75" width="16" height="24" />
	<char id="75" x="0" y="100" width="18" height="24" />
	<char id="76" x="19" y="100" width="16" height="24" />
	<char id="77" x="36" y="100" width="19" height="24" />
	<char id="78" x="56" y="100" width="17" height="24" />
	<char id="-47" x="74" y="100" width="17" height="24" />
	<char id="79" x="92" y="100" width="18" height="24" />
	<char id="80" x="111" y="100" width="17" height="24" />
	<char id="81" x="129" y="100" width="18" height="24" />
	<char id="82" x="148" y="100" width="18" height="24" />
	<char id="83" x="167" y="100" width="17" height="24" />
	<char id="84" x="185" y="100" width="18" height="24" />
	<char id="85" x="204" y="100" width="17" height="24" />
	<char id="86" x="222" y="100" width="19" height="24" />
	<char id="87" x="0" y="125" width="23" height="24" />
	<char id="88" x="24" y="125" width="19" height="24" />
	<char id="89" x="44" y="125" width="20" height="24" />
	<char id="90" x="65" y="125" width="17" height="24" />
	<char id="-65" x="83" y="125" width="17" height="24" />
	<char id="63" x="101" y="125" width="17" height="24" />
	<char id="-95" x="119" y="125" width="17" height="24" />
	<char id="33" x="137" y="125" width="12" height="24" />
	<char id="45" x="150" y="125" width="13" height="24" />
	<char id="62" x="164" y="125" width="16" height="24" />
	<char id="60" x="181" y="125" width="16" height="24" />
	<char id="49" x="198" y="125" width="14" height="24" />
	<char id="50" x="213" y="125" width="16" height="24" />
	<char id="51" x="230" y="125" width="16" height="24" />
	<char id="52" x="0" y="150" width="16" height="24" />
	<char id="53" x="17" y="150" width="16" height="24" />
	<char id="54" x="34" y="150" width="16" height="24" />
	<char id="55" x="51" y="150" width="16" height="24" />
	<char id="56" x="68" y="150" width="16" height="24" />
	<char id="57" x="85" y="150" width="16" height="24" />
	<char id="48" x="102" y="150" width="16" height="24" />
	<char id="44" x="119" y="150" width="12" height="24" />
	<char id="46" x="132" y="150" width="12" height="24" />
	<char id="58" x="145" y="150" width="12" height="24" />
	<char id="59" x="158" y="150" width="12" height="24" />
	<char id="42" x="171" y="150" width="15" height="24" />
	<char id="92" x="187" y="150" width="14" height="24" />
	<char id="43" x="202" y="150" width="16" height="24" />
	<char id="61" x="219" y="150" width="17" height="24" />
	<char id="34" x="237" y="150" width="15" height="24" />
	<char id="37" x="0" y="175" width="18" height="24" />
	<char id="40" x="19" y="175" width="13" height="24" />
	<char id="41" x="33" y="175" width="13" height="24" />
	<char id="38" x="47" y="175" width="18" height="24" />
	<char id="39" x="66" y="175" width="12" height="24" />
	<char id="64" x="79" y="175" width="23" height="24" />
	<char id="35" x="103" y="175" width="16" height="24" />
	<char id="36" x="120" y="175" width="15" height="24" />
	<char id="95" x="136" y="175" width="17" height="24" />
	<char id="47" x="154" y="175" width="14" height="24" />
	<char id="123" x="169" y="175" width="15" height="24" />
	<char id="125" x="185" y="175" width="15" height="24" />
	<char id="124" x="201" y="175" width="11" height="24" />
	<char id="91" x="213" y="175" width="13" height="24" />
	<char id="93" x="227" y="175" width="13" height="24" />
	<char id="126" x="0" y="200" width="17" height="24" />
	<char id="-63" x="18" y="200" width="17" height="24" />
	<char id="-55" x="36" y="200" width="17" height="24" />
	<char id="-51" x="54" y="200" width="17" height="24" />
	<char id="-45" x="72" y="200" width="17" height="24" />
	<char id="-38" x="90" y="200" width="17" height="24" />
	<char id="-60" x="108" y="200" width="17" height="24" />
	<char id="-53" x="126" y="200" width="17" height="24" />
	<char id="-49" x="144" y="200" width="17" height="24" />
	<char id="-42" x="162" y="200" width="17" height="24" />
	<char id="-36" x="180" y="200" width="17" height="24" />
	<char id="-76" x="198" y="200" width="17" height="24" />
	<char id="-88" x="216" y="200" width="17" height="24" />
	<char id="-62" x="234" y="200" width="17" height="24" />
	<char id="-54" x="0" y="225" width="17" height="24" />
	<char id="-50" x="18" y="225" width="17" height="24" />
	<char id="-44" x="36" y="225" width="17" height="24" />
	<char id="-37" x="54" y="225" width="17" height="24" />
	<char id="-64" x="72" y="225" width="17" height="24" />
	<char id="-56" x="90" y="225" width="17" height="24" />
	<char id="-52" x="108" y="225" width="17" height="24" />
	<char id="-46" x="126" y="225" width="17" height="24" />
	<char id="-39" x="144" y="225" width="17" height="24" />
</font>
